Business Name,Phone,Website,Email,Address,Rating,Reviews,Category,Lead Type,Google Maps URL
San Antonio River Walk,,https://www.thesanantonioriverwalk.com/,,"San Antonio, TX 78205",4.7,45518,Park,New Pool Construction,https://www.google.com/maps/search/?api=1&query=San%20Antonio%20River%20Walk&query_place_id=ChIJibxLNatYXIYRyCOuemjZxqI
"Homeaglow, Inc.",,https://www.homeaglow.com/locations/ca/san-francisco/,,,3.7,7231,House cleaning service,New Pool Construction,https://www.google.com/maps/search/?api=1&query=Homeaglow%2C%20Inc.&query_place_id=ChIJpYwfUH2AhYARSPnca5TRHjs
The Friendly Spot Ice House,(210) 224-2337,http://www.thefriendlyspot.com/,,"943 S Alamo St, San Antonio, TX 78205",4.4,2746,Bar & grill,New Pool Construction,https://www.google.com/maps/search/?api=1&query=The%20Friendly%20Spot%20Ice%20House&query_place_id=ChIJefiCRK9YXIYReYbNa5B-h2Y
Star Furniture - San Antonio,(210) 558-7800,http://www.starfurniture.com/,,"12350 I-10, San Antonio, TX 78230",4.7,2473,Furniture store,New Pool Construction,https://www.google.com/maps/search/?api=1&query=Star%20Furniture%20-%20San%20Antonio&query_place_id=ChIJI27AAd9mXIYRaoo5uI8PuS8
Summit Racing Equipment,(775) 352-8787,http://www.summitracing.com/,,"960 E Glendale Ave, Sparks, NV 89431",4.4,1912,Auto parts store,New Pool Construction,https://www.google.com/maps/search/?api=1&query=Summit%20Racing%20Equipment&query_place_id=ChIJP0pKOOk-mYARan0Ng90GoZM
La Tuna Icehouse,(210) 224-8862,http://latunasa.com/,,"100 Probandt St, San Antonio, TX 78204",4.6,1680,Bar,New Pool Construction,https://www.google.com/maps/search/?api=1&query=La%20Tuna%20Icehouse&query_place_id=ChIJPYqWp7xYXIYRWGsiTuL4UXE
Burleson Yard Beer Garden,(210) 354-3001,https://www.burlesonyardbeergarden.com/,,"430 Austin St, San Antonio, TX 78215",4.5,1600,Restaurant,New Pool Construction,https://www.google.com/maps/search/?api=1&query=Burleson%20Yard%20Beer%20Garden&query_place_id=ChIJ7aBn-vv1XIYRHr3YLPCzarg
Hops & Hounds,(210) 259-8221,http://hopsandhoundsllc.com/,,"1123 Avenue B, San Antonio, TX 78215",4.5,1398,Bar,New Pool Construction,https://www.google.com/maps/search/?api=1&query=Hops%20%26%20Hounds&query_place_id=ChIJ91QwGCyLXIYRVxAtitGqydc
Social Spot,(210) 263-9009,https://www.instagram.com/socialspotsatx/,,"930 Broadway, San Antonio, TX 78215",4.2,1148,Bar,New Pool Construction,https://www.google.com/maps/search/?api=1&query=Social%20Spot&query_place_id=ChIJFep0Dvn1XIYRqRt71u6ljZY
"Exquisite Properties, LLC",(210) 494-1695,http://www.exquisitesa.co/,,"1354 N Loop 1604 E Ste 110, San Antonio, TX 78232",5,750,Real estate agency,New Pool Construction,https://www.google.com/maps/search/?api=1&query=Exquisite%20Properties%2C%20LLC&query_place_id=ChIJ2Tsd0AJhXIYR2fdSQd1qSug
Yardzen,(888) 927-3936,https://yardzen.com/?utm_source=gmb&utm_medium=organic,,,4.6,699,Landscape designer,New Pool Construction,https://www.google.com/maps/search/?api=1&query=Yardzen&query_place_id=ChIJASSKdzuFhYARdoBnzs0yoFQ
El Clasificado,(323) 278-5310,https://elclasificado.com/,,"11205 Imperial Hwy., Norwalk, CA 90650",4.8,460,Advertising agency,New Pool Construction,https://www.google.com/maps/search/?api=1&query=El%20Clasificado&query_place_id=ChIJSfQuKLzSwoARUEe_sMUfeWk
Mt San Antonio,,,,California 91759,4.7,427,Mountain peak,New Pool Construction,https://www.google.com/maps/search/?api=1&query=Mt%20San%20Antonio&query_place_id=ChIJUT-T-Sg8w4ARUqVxizhPCJ0
"Chris Dudley, Legacy Realty Group Brokered by Real Broker, LLC - San Antonio, TX",(210) 900-9657,https://konect.social/Chris-Dudley,,"8626 Tesoro Dr Suite 208, San Antonio, TX 78217",5,416,Real estate agent,New Pool Construction,https://www.google.com/maps/search/?api=1&query=Chris%20Dudley%2C%20Legacy%20Realty%20Group%20Brokered%20by%20Real%20Broker%2C%20LLC%20-%20San%20Antonio%2C%20TX&query_place_id=ChIJN69GYbn1XIYRpwSc7585cKU
Chair King Backyard Store,(210) 690-1338,https://www.chairking.com/,,"5219 De Zavala Rd 103 # 103, San Antonio, TX 78249",4.9,317,Outdoor furniture store,New Pool Construction,https://www.google.com/maps/search/?api=1&query=Chair%20King%20Backyard%20Store&query_place_id=ChIJ40EO9NtmXIYRz4aDJbvjTGA
San Antonio Best Realtor | Real Estate Agent,(210) 409-4362,https://topsanantoniorealestate.com/,,,5,295,Real estate agent,New Pool Construction,https://www.google.com/maps/search/?api=1&query=San%20Antonio%20Best%20Realtor%20%7C%20Real%20Estate%20Agent&query_place_id=ChIJQ7Xls8hlXIYRKs3Y7wE_HL4
Sandium Heating and Air Conditioning,(408) 894-9072,https://sandium.com/,,"1045 N 10th St, San Jose, CA 95112",4.9,285,HVAC contractor,New Pool Construction,https://www.google.com/maps/search/?api=1&query=Sandium%20Heating%20and%20Air%20Conditioning&query_place_id=ChIJL0XwtLLJj4ARZRP5O2J0cfA
Rustic Unlimited LLC,(830) 438-4660,http://rusticunlimited4u.com/,,"30001 US-281 #4311, Bulverde, TX 78163",4.5,277,Furniture store,New Pool Construction,https://www.google.com/maps/search/?api=1&query=Rustic%20Unlimited%20LLC&query_place_id=ChIJTw5Y58qHXIYRXEE7YsLiYC0
Emergency Response Electric,(858) 877-8229,https://www.erelectricca.com/,,,4.9,256,Electrical installation service,New Pool Construction,https://www.google.com/maps/search/?api=1&query=Emergency%20Response%20Electric&query_place_id=ChIJK3JLcL3_24ARTKA0GkjVp-k
Avanti Door Group Inc,(702) 873-1885,http://avantidoorgroup.com/,,"4650 S Decatur Blvd, Las Vegas, NV 89103",4.2,237,Door supplier,New Pool Construction,https://www.google.com/maps/search/?api=1&query=Avanti%20Door%20Group%20Inc&query_place_id=ChIJI5EMBZLGyIAR0Cxlt55I3Zo
Pulte Homes - San Antonio,(210) 496-1985,https://www.pulte.com/homes/texas/san-antonio,,"927 E Sonterra Blvd Ste. 316, San Antonio, TX 78258",4.9,216,Home builder,New Pool Construction,https://www.google.com/maps/search/?api=1&query=Pulte%20Homes%20-%20San%20Antonio&query_place_id=ChIJw6fiQQ2JXIYRjQyA68rDb38
"CertaPro Painters of North San Diego, CA",(760) 735-6402,https://certapro.com/north-san-diego/?utm_source=google&utm_medium=organic&utm_campaign=gmb,,"912 S Andreasen Dr STE 106, Escondido, CA 92029",4.8,198,Painter,New Pool Construction,https://www.google.com/maps/search/?api=1&query=CertaPro%20Painters%20of%20North%20San%20Diego%2C%20CA&query_place_id=ChIJKc_qa-v024ARQ-PUv0XTd6c
Alamo Homes,(210) 633-3800,https://www.alamohomes.net/,,"13838 Southton Rd, San Antonio, TX 78223",4.3,195,Mobile home dealer,New Pool Construction,https://www.google.com/maps/search/?api=1&query=Alamo%20Homes&query_place_id=ChIJOZtjnX35XIYRaIpxUcoZDP4
US Foods CHEF'STORE,(415) 864-8284,https://www.chefstore.com/locations/store/san-francisco-586/?utm_source=gbp&utm_medium=organic&utm_campaign=local,,"170 S Van Ness Ave, San Francisco, CA 94103",4.3,191,Grocery store,New Pool Construction,https://www.google.com/maps/search/?api=1&query=US%20Foods%20CHEF'STORE&query_place_id=ChIJNexR0CZ-j4ARyPl4a4au75M
K&B Doors,(702) 871-0662,https://www.kandbdoor.com/,,"5800 S Valley View Blvd Ste 110, Las Vegas, NV 89118",4.8,191,Garage door supplier,New Pool Construction,https://www.google.com/maps/search/?api=1&query=K%26B%20Doors&query_place_id=ChIJ1yZfdALEyIARN_EPFvKVX_s
EverFence,(562) 946-2872,https://www.everfence.com/,,"204 W Carleton Ave A, Orange, CA 92867",4.2,189,Fence contractor,New Pool Construction,https://www.google.com/maps/search/?api=1&query=EverFence&query_place_id=ChIJtfTGeiLTwoAR1nZ2qGrCsbI
181 South Homes,(210) 633-0429,https://181southhomes.com/,,"12621 US-181, San Antonio, TX 78223",4.3,188,Mobile home dealer,New Pool Construction,https://www.google.com/maps/search/?api=1&query=181%20South%20Homes&query_place_id=ChIJU68BoK37XIYRjT_afV-x0aY
Allied Outdoor Solutions,(512) 835-6100,http://www.alliedoutdoorsolutions.com/,,"317 Ranch Rd 620 S # 302C, Lakeway, TX 78734",4.6,179,Contractor,New Pool Construction,https://www.google.com/maps/search/?api=1&query=Allied%20Outdoor%20Solutions&query_place_id=ChIJ______vLRIYRbcQEKktsf88
Shaw Company Remodeling,(210) 239-8212,,,"14127 Jones Maltsberger Road, San Antonio, TX 78247",4.6,175,Remodeler,New Pool Construction,"https://www.google.com/maps/place/Shaw Company Remodeling/@29.570164,-98.45061,14z/data=!3m1!4b1!4m9!3m8!5m2!4m1!1i2!8m2!3d29.570164!4d-98.45061!16snull!17Bnull"
Laurel Vistas by CastleRock Communities,(210) 677-0025,https://www.c-rock.com/community-detail/Laurel-Vistas-114724,,"11107 Boot Canyon, San Antonio, TX 78245",4.6,169,Home builder,New Pool Construction,https://www.google.com/maps/search/?api=1&query=Laurel%20Vistas%20by%20CastleRock%20Communities&query_place_id=ChIJHxJ4nodDXIYRtBComKOFUco
Iris Gonzalez & Levi Rost - Best Realtors in San Antonio,(210) 360-0287,https://iris.mysanantoniohouses.com/,,"26139 Wood Chuck, San Antonio, TX 78260",5,166,Real estate agent,New Pool Construction,https://www.google.com/maps/search/?api=1&query=Iris%20Gonzalez%20%26%20Levi%20Rost%20-%20Best%20Realtors%20in%20San%20Antonio&query_place_id=ChIJD1g8_qChZYYRdTZ61mNnNpE
Chesmar Homes,(210) 957-3395,https://chesmar.com/san-antonio/,,"211 N Loop 1604 E #175, San Antonio, TX 78232",4.7,142,Home builder,New Pool Construction,https://www.google.com/maps/search/?api=1&query=Chesmar%20Homes&query_place_id=ChIJWwV7RCdiXIYRHyuK1NJg8gk
"Rangel Real Estate Group brokered by REAL Broker, LLC - San Antonio, TX",(210) 334-7717,http://www.rangelrealestategroup.com/,,"4204 Gardendale Rd Suite 308, San Antonio, TX 78229",5,139,Real estate agency,New Pool Construction,https://www.google.com/maps/search/?api=1&query=Rangel%20Real%20Estate%20Group%20brokered%20by%20REAL%20Broker%2C%20LLC%20-%20San%20Antonio%2C%20TX&query_place_id=ChIJS1dsGR1nXIYRD-7zRVWCEeg
Canopy Land Solutions,(218) 595-7370,https://www.canopylandsolutions.com/,,"11002 Cedar Elm Dr, San Antonio, TX 78230",5,138,Landscape designer,New Pool Construction,https://www.google.com/maps/search/?api=1&query=Canopy%20Land%20Solutions&query_place_id=ChIJo2fYNlFPACsRoLM7waWLvGU
CKC Custom Homes,(830) 953-5995,http://www.ckccustomhomes.com/,,"7902 Calle Rialto Suite 200, San Antonio, TX 78257",4.3,136,Custom home builder,New Pool Construction,https://www.google.com/maps/search/?api=1&query=CKC%20Custom%20Homes&query_place_id=ChIJzbuj-ilnXIYR30iX9DXBQz8
Boerjan’s Landscaping & Design LLC,(210) 310-8979,http://boerjanlandscapedesign.com/,,"331 E Quill Dr, San Antonio, TX 78228",4.8,135,Landscaper,New Pool Construction,https://www.google.com/maps/search/?api=1&query=Boerjan%E2%80%99s%20Landscaping%20%26%20Design%20LLC&query_place_id=ChIJu0e72ZiLXIYRwULuq8-SIzs
Waterloo Turf San Antonio,(210) 951-5509,https://waterlooturf.com/san-antonio/,,"120 W Olmos Dr, San Antonio, TX 78212",5,135,Landscaper,New Pool Construction,https://www.google.com/maps/search/?api=1&query=Waterloo%20Turf%20San%20Antonio&query_place_id=ChIJhwyZ_dosJSMRhqHSLbRWi5c
Hill Country Interiors,(210) 495-5768,http://hillcountryinteriors.com/,,"1410 N Loop 1604 W, San Antonio, TX 78248",4.6,125,Furniture store,New Pool Construction,https://www.google.com/maps/search/?api=1&query=Hill%20Country%20Interiors&query_place_id=ChIJWaZkI4hhXIYR-vlCpBDzxTk
west elm,(210) 228-9859,https://www.westelm.com/stores/us-tx-san-antonio-pearl-district/,,"201 E Grayson St, San Antonio, TX 78215",3.7,125,Furniture store,New Pool Construction,https://www.google.com/maps/search/?api=1&query=west%20elm&query_place_id=ChIJyf20DvT1XIYRrZlk3oFUcvM
Bradley Landscaping LLC,(210) 400-0880,https://bradley-landscaping.com/,,,4.5,121,Landscaper,New Pool Construction,https://www.google.com/maps/search/?api=1&query=Bradley%20Landscaping%20LLC&query_place_id=ChIJ7x_KB9XyXIYRYNvypBaK-v8
Perry Homes - Kallison Ranch 45',(210) 236-3010,https://www.perryhomes.com/new-homes-san-antonio/kallison-ranch/259/,,"9722 Rosette Place, San Antonio, TX 78254",5,117,Home builder,New Pool Construction,https://www.google.com/maps/search/?api=1&query=Perry%20Homes%20-%20Kallison%20Ranch%2045'&query_place_id=ChIJJ44L7n5rXIYRN4hyRSBbw1I
Big Grass,(210) 735-7999,http://www.biggrassliving.com/,,"637 W Hildebrand Ave, San Antonio, TX 78212",4.5,115,Outdoor furniture store,New Pool Construction,https://www.google.com/maps/search/?api=1&query=Big%20Grass&query_place_id=ChIJ8YHP8XRfXIYRL4dI9OqfF-M
MLS Luxury Group | Portfolio Keller Williams Real Estate Agents,(210) 794-6562,https://ranchandlandtx.com/,,"1717 N Loop 1604 E Suite 327, San Antonio, TX 78232",5,113,Real estate agent,New Pool Construction,https://www.google.com/maps/search/?api=1&query=MLS%20Luxury%20Group%20%7C%20Portfolio%20Keller%20Williams%20Real%20Estate%20Agents&query_place_id=ChIJ4wo-NABlXIYRY_4dzv_elaE
Texas Pools and Patios,(210) 524-0177,https://www.texaspoolsandpatios.com/,,"16264 San Pedro Ave, San Antonio, TX 78232",4.4,110,Swimming pool contractor,New Pool Construction,https://www.google.com/maps/search/?api=1&query=Texas%20Pools%20and%20Patios&query_place_id=ChIJnWYfO6xhXIYRsfdNwPjas7w
LAWN D.R LANDSCAPING AND IRRIGATION LLC,(210) 994-2934,https://lawndr.net/,,"535 W Hermosa Dr, San Antonio, TX 78212",4.9,108,Landscape designer,New Pool Construction,https://www.google.com/maps/search/?api=1&query=LAWN%20D.R%20LANDSCAPING%20AND%20IRRIGATION%20LLC&query_place_id=ChIJ44AEIXxfXIYRKn5FZMYZ7vQ
Hole In One Lawns,(830) 714-2755,https://holeinonelawns.com/,,"8911 Hardy Oak Blvd, San Antonio, TX 78258",4.9,105,Landscape designer,New Pool Construction,https://www.google.com/maps/search/?api=1&query=Hole%20In%20One%20Lawns&query_place_id=ChIJAZYV65-PXIYRoKjiScxPFxI
View Homes San Antonio,(210) 662-0066,https://yourviewhome.com/region/san-antonio-new-braunfels/,,"14206 Northbrook Dr, San Antonio, TX 78232",4.3,104,Home builder,New Pool Construction,https://www.google.com/maps/search/?api=1&query=View%20Homes%20San%20Antonio&query_place_id=ChIJQRSjnH6KXIYROnDeUB4_28Q
Best Realtor San Antonio - Skylight Realty Group,(210) 247-0160,http://www.skylightrealtygroup.com/,,"9014 Brae Ridge Dr, San Antonio, TX 78249",5,98,Real estate agency,New Pool Construction,https://www.google.com/maps/search/?api=1&query=Best%20Realtor%20San%20Antonio%20-%20Skylight%20Realty%20Group&query_place_id=ChIJcbXD69VnXIYR4L6mXe8-mQ0
Synthetic Grass Warehouse,(800) 730-2675,https://syntheticgrasswarehouse.com/,,"1400 N Daly St, Anaheim, CA 92806",4.5,92,Turf supplier,New Pool Construction,https://www.google.com/maps/search/?api=1&query=Synthetic%20Grass%20Warehouse&query_place_id=ChIJwwTGF2TW3IARPpBUECnU6Go
Backyard & Patio Store - Austin,(737) 260-6975,https://backyardandpatiostore.com/,,"12501 State Hwy 71 West, Austin, TX 78738",5,81,Outdoor furniture store,New Pool Construction,https://www.google.com/maps/search/?api=1&query=Backyard%20%26%20Patio%20Store%20-%20Austin&query_place_id=ChIJTd3kxFM3W4YRUkU0Ucbe5d4
1st Choice South LLC -Texas Elite Real Estate Group,(210) 204-3309,https://www.texaseliterealestategroup.com/,,"1730 SW Military Dr #201, San Antonio, TX 78221",5,80,Real estate agent,New Pool Construction,https://www.google.com/maps/search/?api=1&query=1st%20Choice%20South%20LLC%20-Texas%20Elite%20Real%20Estate%20Group&query_place_id=ChIJVeecJ9xnXIYRTRneULMOJZ4
Perry Homes - Kallison Ranch 50',(210) 688-9820,https://www.perryhomes.com/new-homes-san-antonio/kallison-ranch/180/,,"9718 Rosette Place, San Antonio, TX 78254",4.4,77,Home builder,New Pool Construction,https://www.google.com/maps/search/?api=1&query=Perry%20Homes%20-%20Kallison%20Ranch%2050'&query_place_id=ChIJBZOO6WZqXIYR8GGgthUTrzE
Air Quality Heating & Air Conditioning,(408) 293-7138,https://www.airandheat.net/,,"720 Northrup St, San Jose, CA 95126",4.8,76,Heating contractor,New Pool Construction,https://www.google.com/maps/search/?api=1&query=Air%20Quality%20Heating%20%26%20Air%20Conditioning&query_place_id=ChIJs9RIZVPLj4ARa8z1oXmHVKU
CALSCAPE 805 Landscaping,(805) 598-8291,https://calscape805.com/,,,5,73,Landscape designer,New Pool Construction,https://www.google.com/maps/search/?api=1&query=CALSCAPE%20805%20Landscaping&query_place_id=ChIJb6tU7Do3bakRBpklUrbLP4o
Wendi's Cleaning Services,(760) 284-5209,https://www.wendiscleaningservices.com/,,"15133 Goshen Ct, Victorville, CA 92394",5,72,House cleaning service,New Pool Construction,https://www.google.com/maps/search/?api=1&query=Wendi's%20Cleaning%20Services&query_place_id=ChIJZ--ukkBnw4ARQQII3IK2CoY
CRAWFORD LUXURY,(210) 380-5386,http://crawfordluxury.com/,,"23702 Frontage Rd 10W Suite 105, San Antonio, TX 78257",5,70,Real estate agency,New Pool Construction,https://www.google.com/maps/search/?api=1&query=CRAWFORD%20LUXURY&query_place_id=ChIJAQBwNQBlXIYRJOpKW8NfnrA
Joyeux Home Decor,(210) 971-7812,http://www.joyeuxhd.com/,,"5007 McCullough Ave, Olmos Park, TX 78212",4.8,68,Home goods store,New Pool Construction,https://www.google.com/maps/search/?api=1&query=Joyeux%20Home%20Decor&query_place_id=ChIJCz_YeoRfXIYRtYncVTHJi2M
Whitestone Custom Homes,(210) 571-0600,http://www.whitestonehomes.com/,,"27241 Highland Crst, San Antonio, TX 78260",4.2,67,Home builder,New Pool Construction,https://www.google.com/maps/search/?api=1&query=Whitestone%20Custom%20Homes&query_place_id=ChIJiU3a6l1jXIYRDm9eqLB46_I
Green Oak Landscaping & Design,(210) 465-6776,,,,4.8,67,Landscape designer,New Pool Construction,https://www.google.com/maps/search/?api=1&query=Green%20Oak%20Landscaping%20%26%20Design&query_place_id=ChIJzwGY3bD7qogRzaczbC8ATRI
Zion Landscape Co.,(210) 279-1312,https://www.zionlandscapeco.com/,,"911 N Frio St Ste. 200, San Antonio, TX 78207",5,62,Landscape designer,New Pool Construction,https://www.google.com/maps/search/?api=1&query=Zion%20Landscape%20Co.&query_place_id=ChIJ5RWZnGJnXIYRRuoNtPq_36Y
Saylee Greer Landscape Architecture,(210) 320-2722,http://sayleegreer.com/,,"4187 Stahl Rd, San Antonio, TX 78217",4.3,61,Landscape designer,New Pool Construction,https://www.google.com/maps/search/?api=1&query=Saylee%20Greer%20Landscape%20Architecture&query_place_id=ChIJndwslp2LXIYRrDne94hGEfI
Perry Homes - Ladera 50'/60',(210) 236-3640,https://www.perryhomes.com/new-homes-san-antonio/ladera/250/,,"15006 Early Dawn, San Antonio, TX 78245",4.7,60,Home builder,New Pool Construction,https://www.google.com/maps/search/?api=1&query=Perry%20Homes%20-%20Ladera%2050'%2F60'&query_place_id=ChIJJQ50u9NGXIYRMugFVF5iiS0
Home & Patio - Loop 410,(210) 828-2807,http://homeandpatio.com/clearance,,"1047 NE Interstate 410 Loop, San Antonio, TX 78209",4.4,59,Outdoor furniture store,New Pool Construction,https://www.google.com/maps/search/?api=1&query=Home%20%26%20Patio%20-%20Loop%20410&query_place_id=ChIJpzeCeTP1XIYR6n4RKfGnHEE
Fine Patio Design,(210) 380-5521,https://www.finepatiodesign.com/,,,4.8,54,Deck builder,New Pool Construction,https://www.google.com/maps/search/?api=1&query=Fine%20Patio%20Design&query_place_id=ChIJY-tN5RFiXIYRojjFZls9-As
VHS Outdoor Living,(210) 287-7027,http://www.vhsoutdoorliving.com/,,"14726 Bulverde Rd, San Antonio, TX 78247",4.8,52,Landscape designer,New Pool Construction,https://www.google.com/maps/search/?api=1&query=VHS%20Outdoor%20Living&query_place_id=ChIJ7crigpuLXIYRyJBvoevEAmo
Texas Homes,(210) 490-1798,https://www.texas-homes.com/,,"21232 Gathering Oak #103, San Antonio, TX 78260",3.8,51,Home builder,New Pool Construction,https://www.google.com/maps/search/?api=1&query=Texas%20Homes&query_place_id=ChIJ7-m5Q79hXIYRmNgLUvdRBII
Austin Outdoor Living Group,(512) 258-2654,https://austinoutdoorliving.com/,,"1001 Cypress Creek Road STE 406, Cedar Park, TX 78613",4.8,51,General contractor,New Pool Construction,https://www.google.com/maps/search/?api=1&query=Austin%20Outdoor%20Living%20Group&query_place_id=ChIJv8avFPUrW4YRhQp37FoexAo
Period Modern,(210) 902-1217,http://www.periodmodern.com/,,"4347 McCullough Ave, San Antonio, TX 78212",4.9,50,Furniture store,New Pool Construction,https://www.google.com/maps/search/?api=1&query=Period%20Modern&query_place_id=ChIJn-bdeoJfXIYRMLWdgIJNH4E
Boerne Backyard,(210) 803-9142,http://www.boernebackyard.com/,,"31007 I-10 Ste 101, Boerne, TX 78006",5,49,Outdoor furniture store,New Pool Construction,https://www.google.com/maps/search/?api=1&query=Boerne%20Backyard&query_place_id=ChIJiULnI4NxXIYRmPVfmNojl7w
Paradise Custom Homes,(210) 913-8000,https://www.paradisecustomhomestx.com/locations/custom-home-builder-san-antonio,,"27650 Wild Bloom, San Antonio, TX 78260",5,46,Custom home builder,New Pool Construction,https://www.google.com/maps/search/?api=1&query=Paradise%20Custom%20Homes&query_place_id=ChIJybRwxc8tDS0RSK8Ee5GItKI
Natura HQ - Interior Plant Design San Antonio,(888) 284-2257,https://www.naturahq.com/en-us/locations/interior-plant-design-san-antonio,,"6436 Babcock Rd, San Antonio, TX 78249",4.9,46,Landscape designer,New Pool Construction,https://www.google.com/maps/search/?api=1&query=Natura%20HQ%20-%20Interior%20Plant%20Design%20San%20Antonio&query_place_id=ChIJu8ATOHRnXIYRNyde6GiEjek
San Antonio Furniture Finders,(210) 803-1900,,,"1805 Blanco Rd, San Antonio, TX 78212",4.7,46,Furniture store,New Pool Construction,https://www.google.com/maps/search/?api=1&query=San%20Antonio%20Furniture%20Finders&query_place_id=ChIJT8B02xVfXIYRJfTumI3nOAA
Spring Creek Landscaping,(210) 446-9202,https://springcreek-landscaping.com/,,,5,46,Landscape designer,New Pool Construction,https://www.google.com/maps/search/?api=1&query=Spring%20Creek%20Landscaping&query_place_id=ChIJ8Vh8rAN_W4YRwxBAmCYHImI
The Look; Fine Hill Country Furnishings,(210) 698-3318,https://thelookhillcountry.com/,,"24112 Boerne Stage Rd, San Antonio, TX 78257",4.2,45,Furniture store,New Pool Construction,https://www.google.com/maps/search/?api=1&query=The%20Look%3B%20Fine%20Hill%20Country%20Furnishings&query_place_id=ChIJpzdB0xVlXIYROpQ43cG3Eog
Rausch Coleman Homes - San Antonio,(210) 231-0703,https://rauschcolemanhomes.com/,,"1919 Oakwell Farms Pkwy Suite 210, San Antonio, TX 78218",3.4,44,Home builder,New Pool Construction,https://www.google.com/maps/search/?api=1&query=Rausch%20Coleman%20Homes%20-%20San%20Antonio&query_place_id=ChIJ_ZJIa6uMXIYRd_cJ5SY0T2E
XeriPro Outdoor Design & Construction,(210) 413-2050,https://xeripro.com/home,,"401 E Sonterra Blvd Suite 375, San Antonio, TX 78258",5,43,Landscape designer,New Pool Construction,https://www.google.com/maps/search/?api=1&query=XeriPro%20Outdoor%20Design%20%26%20Construction&query_place_id=ChIJlwsuD79D_GcR8A8lnAtJWhY
Blu Dot,(512) 243-5330,http://www.bludot.com/austin,,"416 W Cesar Chavez St, Austin, TX 78701",4.5,43,Outdoor furniture store,New Pool Construction,https://www.google.com/maps/search/?api=1&query=Blu%20Dot&query_place_id=ChIJAY4UWQ-1RIYRWNlhoTEQiTI
Drees Custom Homes at Enchanted Bluff,(210) 796-4296,https://www.dreeshomes.com/new-homes-san-antonio/san-antonio/enchanted-bluff/enchanted-bluff/,,"8287 Blue Oak Wy, San Antonio, TX 78266",5,42,Custom home builder,New Pool Construction,https://www.google.com/maps/search/?api=1&query=Drees%20Custom%20Homes%20at%20Enchanted%20Bluff&query_place_id=ChIJ85slfnePXIYRR6e9RxhQh28
Pottery Barn Kids,(714) 641-8835,https://www.potterybarnkids.com/stores/us-ca-costa-mesa-south-coast-plaza/,,"3333 Bear St #344, Costa Mesa, CA 92626",3.3,42,Children's furniture store,New Pool Construction,https://www.google.com/maps/search/?api=1&query=Pottery%20Barn%20Kids&query_place_id=ChIJ85nUcP3f3IAR9h_xyETmq0k
Integrated Outdoor Designs,(210) 272-7120,https://www.integratedoutdoordesigns.com/?utm_source=Google+My+Business&utm_medium=Google+My+Business&utm_id=Google+My+Business,,"147 Wildrose Ave, San Antonio, TX 78209",5,42,Contractor,New Pool Construction,https://www.google.com/maps/search/?api=1&query=Integrated%20Outdoor%20Designs&query_place_id=ChIJq6q-DW31XIYRTXYovWkFpfw
Grenstone Landscaping & Masonry LLC,(210) 537-5876,https://www.grenstonelandscaping.com/,,,5,40,Landscape designer,New Pool Construction,https://www.google.com/maps/search/?api=1&query=Grenstone%20Landscaping%20%26%20Masonry%20LLC&query_place_id=ChIJd6P3ZaJZXIYRZM7Pwr80WI8
Abel's Concrete Art,(210) 338-1307,https://www.abelsconcretestatuary.com/,,"315 N Hackberry St, San Antonio, TX 78202",4.9,40,Outdoor furniture store,New Pool Construction,https://www.google.com/maps/search/?api=1&query=Abel's%20Concrete%20Art&query_place_id=ChIJVThlKQb2XIYRrSMsZBvzNA4
Sunrise Landscape Services,(210) 903-5507,http://www.sunriselstexas.com/,,,4.8,39,Landscape designer,New Pool Construction,https://www.google.com/maps/search/?api=1&query=Sunrise%20Landscape%20Services&query_place_id=ChIJk4vKPvf5CqoRX8KR8ajVrwE
Quality Fiberglass Pools Inc,(951) 926-6060,http://qualityfiberglasspools.com/,,"32497 CA-74, Hemet, CA 92545",4.3,39,Swimming pool contractor,New Pool Construction,https://www.google.com/maps/search/?api=1&query=Quality%20Fiberglass%20Pools%20Inc&query_place_id=ChIJvfGT_Fph24ARA1fUMVq7MQ8
Blue Water Oasis LLC.,(830) 500-0029,,,"452 FM1863, New Braunfels, TX 78132",4.6,39,Swimming pool supply store,New Pool Construction,https://www.google.com/maps/search/?api=1&query=Blue%20Water%20Oasis%20LLC.&query_place_id=ChIJmzdapHyXXIYR-laJCzcXJxs
Phyllis Browning Company: Daniel Herb,(210) 328-0729,https://www.danielherbrealtor.com/,,"6061 Broadway, San Antonio, TX 78209",5,39,Real estate agent,New Pool Construction,https://www.google.com/maps/search/?api=1&query=Phyllis%20Browning%20Company%3A%20Daniel%20Herb&query_place_id=ChIJgcXXKguJXIYRBd39EMIvaoU
DRB Homes San Antonio Division,(301) 696-0200,https://www.drbhomes.com/drbhomes/find-your-home/communities/texas/san-antonio,,"9601 McAllister Fwy #600, San Antonio, TX 78216",3,38,Home builder,New Pool Construction,https://www.google.com/maps/search/?api=1&query=DRB%20Homes%20San%20Antonio%20Division&query_place_id=ChIJcyy7tXGKXIYRvXmxxXMIeUs
Legend Homes - San Antonio,(210) 402-0642,https://livelegendhomes.com/,,"2714 N Loop 1604 E, San Antonio, TX 78232",2.9,38,Home builder,New Pool Construction,https://www.google.com/maps/search/?api=1&query=Legend%20Homes%20-%20San%20Antonio&query_place_id=ChIJK8F0ZX5hXIYRZnQyUj-oVE0
Bayless Custom Homes,(210) 446-8362,http://baylesscustomhomessa.com/,,"1076 Ivy Ln, San Antonio, TX 78209",4.7,31,Custom home builder,New Pool Construction,https://www.google.com/maps/search/?api=1&query=Bayless%20Custom%20Homes&query_place_id=ChIJlZPoJk1fXIYRE8iiY49_PdA
Home & Patio Outdoor Living,(210) 698-5052,https://homeandpatio.com/,,"19727 I-10, San Antonio, TX 78257",4,31,Outdoor furniture store,New Pool Construction,https://www.google.com/maps/search/?api=1&query=Home%20%26%20Patio%20Outdoor%20Living&query_place_id=ChIJI2M0z-NlXIYRGp05kvWBV-I
Your Texas Hill Country Luxury Realtor - Malina Bercher,(808) 217-2700,https://www.malinabercher.com/,,"2722 W Bitters Rd Suite 220, San Antonio, TX 78248",5,31,Real estate agency,New Pool Construction,https://www.google.com/maps/search/?api=1&query=Your%20Texas%20Hill%20Country%20Luxury%20Realtor%20-%20Malina%20Bercher&query_place_id=ChIJNxuG100cPqARV84Rfdu29Xc
Pulte Homes Las Vegas,(702) 914-4800,https://www.pulte.com/,,"7255 S Tenaya Way, Las Vegas, NV 89113",4,30,Home builder,New Pool Construction,https://www.google.com/maps/search/?api=1&query=Pulte%20Homes%20Las%20Vegas&query_place_id=ChIJZw4w9cTHyIAR7Hn_oKkcAIY
Yard By Design,(210) 638-8804,https://yardbydesign.com/,,"213 Redrock Dr, San Antonio, TX 78213",4.9,30,Landscape designer,New Pool Construction,https://www.google.com/maps/search/?api=1&query=Yard%20By%20Design&query_place_id=ChIJvyBfwlJfXIYRReKiOqyrjTw
McNair Custom Homes,(210) 408-6511,http://mcnaircustomhomes.com/,,"21252 Gathering Oak, San Antonio, TX 78260",4.5,27,Custom home builder,New Pool Construction,https://www.google.com/maps/search/?api=1&query=McNair%20Custom%20Homes&query_place_id=ChIJb_XF-U9iXIYRN9tgQJQZB60
Outdoor Creations,(210) 279-1620,http://www.createsatx.com/,,,4.4,27,Outdoor furniture store,New Pool Construction,https://www.google.com/maps/search/?api=1&query=Outdoor%20Creations&query_place_id=ChIJSZkrfQNiXIYR9Le6coyzFWw
Weston Dean Custom Homes,(210) 408-9107,https://www.westondeanhomes.com/?utm_source=GMB&utm_medium=organic&utm_campaign=webite-link,,"400 N Loop 1604 E Suite 250, San Antonio, TX 78232",4.7,26,Custom home builder,New Pool Construction,https://www.google.com/maps/search/?api=1&query=Weston%20Dean%20Custom%20Homes&query_place_id=ChIJyY7kt_hhXIYRorsFLOnPaEc
Michael McCall | Realtor with Life in San Antonio Texas Home Group,(830) 253-2389,http://www.lifeinsanantoniotexas.com/,,"607 E Sonterra Blvd, San Antonio, TX 78258",5,26,Real estate agent,New Pool Construction,https://www.google.com/maps/search/?api=1&query=Michael%20McCall%20%7C%20Realtor%20with%20Life%20in%20San%20Antonio%20Texas%20Home%20Group&query_place_id=ChIJtTqX_3T2L0QRwtMOOv0WUEM
Outdoor Living in Texas,(254) 848-8220,https://www.outdoorlivingintexas.com/,,"6908 Old McGregor Rd Ste. B, Woodway, TX 76712",4.7,25,Landscape architect,New Pool Construction,https://www.google.com/maps/search/?api=1&query=Outdoor%20Living%20in%20Texas&query_place_id=ChIJj5UhNSqJT4YR1IuvgJzkxy4
Key Vista Homes,(210) 352-0007,http://keyvista-homes.com/?utm_source=gmb&utm_medium=organic&utm_campaign=optimization,,"17218 Clovis, Helotes, TX 78023",4.9,24,Custom home builder,New Pool Construction,https://www.google.com/maps/search/?api=1&query=Key%20Vista%20Homes&query_place_id=ChIJAQAMIbBuXIYRh8KtaEmoU7Q
Stone Creek Custom Homes,(210) 494-5400,https://stonecreekcustomhomes.com/,,"25120 Blanco Rd, San Antonio, TX 78260",4.8,24,Custom home builder,New Pool Construction,https://www.google.com/maps/search/?api=1&query=Stone%20Creek%20Custom%20Homes&query_place_id=ChIJWbPqzdBiXIYRgXTgO5SAKUY
"Hill Country Outdoor Living, LLC",(512) 200-2385,http://www.hillcountryoutdoorliving.com/,,"3503 Wild Cherry Dr Unit 12, Austin, TX 78738",5,24,Contractor,New Pool Construction,https://www.google.com/maps/search/?api=1&query=Hill%20Country%20Outdoor%20Living%2C%20LLC&query_place_id=ChIJn8kozmI3W4YRUS67OI7ityQ
Water Rock Custom Pools & Outdoor Living,(210) 473-8436,http://www.sanantoniooutdoorliving.net/,,"13620 NW Military Hwy #203 suite 5, San Antonio, TX 78231",4.3,24,Swimming pool contractor,New Pool Construction,https://www.google.com/maps/search/?api=1&query=Water%20Rock%20Custom%20Pools%20%26%20Outdoor%20Living&query_place_id=ChIJKSdeTJmKXIYRcCUGW99-tQk
Diamante Luxury Homes,(210) 341-6430,http://www.diamantehomes.com/,,"13526 George Rd #102, San Antonio, TX 78230",4.3,23,Custom home builder,New Pool Construction,https://www.google.com/maps/search/?api=1&query=Diamante%20Luxury%20Homes&query_place_id=ChIJzys4aF1nXIYRkwMfAQ3fbjU
"Heffner Design Team, PLLC, San Antonio",(210) 820-2677,http://www.heffnerdesignteam.com/,,"1777 NE Interstate 410 Loop Suite 600, San Antonio, TX 78217",5,23,Landscape architect,New Pool Construction,https://www.google.com/maps/search/?api=1&query=Heffner%20Design%20Team%2C%20PLLC%2C%20San%20Antonio&query_place_id=ChIJ3WDdzTb1XIYR0wGUyGy09_4
"Traeger Landscaping, LLC",(210) 837-7943,http://www.traegerlandscaping.com/,,"9823 Greentree St, San Antonio, TX 78230",4.8,23,Landscape designer,New Pool Construction,https://www.google.com/maps/search/?api=1&query=Traeger%20Landscaping%2C%20LLC&query_place_id=ChIJqygtuaVfZiURObsGuS4p_h0
Home of The Best Realtors In San Antonio!,(210) 508-3000,https://bestrealtorsanantoniotx.resi-realestate.com/,,"15600 San Pedro Ave #100, San Antonio, TX 78232",5,23,Real estate agent,New Pool Construction,https://www.google.com/maps/search/?api=1&query=Home%20of%20The%20Best%20Realtors%20In%20San%20Antonio!&query_place_id=ChIJkYSWQ1RlXIYRdwy4dosy7bw
Superior Outdoor Designs,(210) 698-5010,,,"21195 I-10 STE 1101, San Antonio, TX 78257",2.6,22,Deck builder,New Pool Construction,https://www.google.com/maps/search/?api=1&query=Superior%20Outdoor%20Designs&query_place_id=ChIJCR9Ev6RmXIYRUt2TYUxtcuk
Perry Homes - San Antonio Design Center,(210) 547-5637,https://www.perryhomes.com/,,"3010 N Loop 1604 W, San Antonio, TX 78248",4.4,20,Home builder,New Pool Construction,https://www.google.com/maps/search/?api=1&query=Perry%20Homes%20-%20San%20Antonio%20Design%20Center&query_place_id=ChIJI01ar3xhXIYRrCEMtuts67I
Genuine Custom Homes,(210) 387-6109,http://genuinecustomhomes.com/,,"18756 Stone Oak Pkwy STE. 200, San Antonio, TX 78258",5,20,Custom home builder,New Pool Construction,https://www.google.com/maps/search/?api=1&query=Genuine%20Custom%20Homes&query_place_id=ChIJycZkRwJiXIYRODmucC9cFaE
O. W. Lee,(830) 267-9533,https://www.owlee.com/,,"1206 Fifth St, Comfort, TX 78013",3.2,18,Furniture manufacturer,New Pool Construction,https://www.google.com/maps/search/?api=1&query=O.%20W.%20Lee&query_place_id=ChIJe3jDslPzW4YRQyQcl_O-I6E
The Kyle Gordon Group,(661) 475-6398,https://thekylegordongroup.com/,,"38700 5th St W suite a, Palmdale, CA 93551",5,17,Real estate agent,New Pool Construction,https://www.google.com/maps/search/?api=1&query=The%20Kyle%20Gordon%20Group&query_place_id=ChIJExZu-XJZwoARR_CPp2L12Kk
Adam Wilson Custom Homes,(210) 559-6096,http://www.adamwilsonhomes.com/,,"107 Wellesley Cv, Shavano Park, TX 78231",4.4,16,Custom home builder,New Pool Construction,https://www.google.com/maps/search/?api=1&query=Adam%20Wilson%20Custom%20Homes&query_place_id=ChIJpU2vKZJhXIYRBnKlGorMeGg
Dale Sauer Homes,(210) 490-1061,http://www.dalesauerhomes.com/,,"20079 Stone Oak Pkwy #1285, San Antonio, TX 78258",4.3,15,Custom home builder,New Pool Construction,https://www.google.com/maps/search/?api=1&query=Dale%20Sauer%20Homes&query_place_id=ChIJk1I9OuCIXIYRJj22MNILryY
"South Side Living and Maker Spaces | Lofts for rent in San Antonio, TX",(210) 879-7673,http://thesouth-side.com/,,"2450 Roosevelt Ave, San Antonio, TX 78210",3.3,15,Apartment building,New Pool Construction,https://www.google.com/maps/search/?api=1&query=South%20Side%20Living%20and%20Maker%20Spaces%20%7C%20Lofts%20for%20rent%20in%20San%20Antonio%2C%20TX&query_place_id=ChIJ__8_XNP3XIYRCvrxh2BYJvA
Coventry Homes - San Antonio,(210) 408-1205,https://www.coventryhomes.com/new-homes/tx/san-antonio/?utm_source=gbp&utm_medium=organic&utm_campaign=google_locations,,"16914 US-281, San Antonio, TX 78232",3.6,14,Home builder,New Pool Construction,https://www.google.com/maps/search/?api=1&query=Coventry%20Homes%20-%20San%20Antonio&query_place_id=ChIJBbaLsxGKXIYRrlc0ao--C4A
Custom Patios of Texas LLC,(210) 350-9801,,,"1518 Blanco Rd, San Antonio, TX 78212",5,14,Construction company,New Pool Construction,https://www.google.com/maps/search/?api=1&query=Custom%20Patios%20of%20Texas%20LLC&query_place_id=ChIJn8IbcQmVBYkR0qSME6VF40s
"J & J Development, Inc. Custom Homes",(210) 402-3171,http://www.jjdevelopment.com/,,"142 W Rhapsody Dr #8, San Antonio, TX 78216",5,11,Custom home builder,New Pool Construction,https://www.google.com/maps/search/?api=1&query=J%20%26%20J%20Development%2C%20Inc.%20Custom%20Homes&query_place_id=ChIJk5XnhDxgXIYRNz89X5F42u4
The Ross Group- Luxury Real Estate,(210) 265-6136,https://realestateservicessanantoniotx.com/,,,5,11,Real estate agent,New Pool Construction,https://www.google.com/maps/search/?api=1&query=The%20Ross%20Group-%20Luxury%20Real%20Estate&query_place_id=ChIJycZkRwJiXIYRqexhg8n3le0
Quality Patio Furniture,(830) 367-3848,http://www.qualitypatiofurniture.net/,,"994 TX-39, Ingram, TX 78025",5,10,Outdoor furniture store,New Pool Construction,https://www.google.com/maps/search/?api=1&query=Quality%20Patio%20Furniture&query_place_id=ChIJLwBLVdBbWYYRjjNcPHeyMZA
Character House Homes,(210) 884-9380,http://www.characterhousehomes.com/,,"21535 Cielo Vista Dr, San Antonio, TX 78255",4.6,9,Custom home builder,New Pool Construction,https://www.google.com/maps/search/?api=1&query=Character%20House%20Homes&query_place_id=ChIJP_ViMIhlXIYRisgqVWKiQ_M
Texas Outdoor Living,(210) 989-0396,https://www.txoutdoorliving.net/,,,5,9,Swimming pool contractor,New Pool Construction,https://www.google.com/maps/search/?api=1&query=Texas%20Outdoor%20Living&query_place_id=ChIJ32kREKzMR0wRLR_4e6ldY0I
Burdick Custom Homes,(210) 497-2200,http://www.burdickhomes.com/,,"23119 W I-10 Suite 902, San Antonio, TX 78257",4.8,8,Custom home builder,New Pool Construction,https://www.google.com/maps/search/?api=1&query=Burdick%20Custom%20Homes&query_place_id=ChIJx2xaqIFiXIYRbCuvzlVoQqg
Leifeste Landscape Design,(210) 288-3170,http://www.leifestelandscapedesign.com/,,"110 W Castle Ln, San Antonio, TX 78213",4.5,8,Landscape designer,New Pool Construction,https://www.google.com/maps/search/?api=1&query=Leifeste%20Landscape%20Design&query_place_id=ChIJ0wZ_MGJgXIYRBkaMg3fUy90
Community HousingWorks,(619) 282-6647,https://www.chworks.org/,,"3111 Camino Del Rio N #800, San Diego, CA 92108",3.5,8,Non-profit organization,New Pool Construction,https://www.google.com/maps/search/?api=1&query=Community%20HousingWorks&query_place_id=ChIJkeV1cgRV2YARnc7no_4gV-Q
Bargain Warehouse Outlet,(210) 442-8882,https://bwotx.com/,,"8400 Marbach Rd, San Antonio, TX 78227",4.4,8,,New Pool Construction,https://www.google.com/maps/search/?api=1&query=Bargain%20Warehouse%20Outlet&query_place_id=ChIJmYNdSKpcXIYRGQuaSDtHahc
Texas Signature Custom Homes,(830) 252-8868,https://txsignature.com/,,"15315 San Pedro Ave, San Antonio, TX 78232",5,7,Home builder,New Pool Construction,https://www.google.com/maps/search/?api=1&query=Texas%20Signature%20Custom%20Homes&query_place_id=ChIJ99jMaRiLXIYRhp3DWBh5VFA
Creative Custom Builders,(210) 404-9700,http://www.creativecustombuilders.com/,,"16258 San Pedro Ave, San Antonio, TX 78232",4.9,7,Custom home builder,New Pool Construction,https://www.google.com/maps/search/?api=1&query=Creative%20Custom%20Builders&query_place_id=ChIJl_lUTg2KXIYRwCfRODKIBTg
Triple R Custom Homes,(210) 774-9463,https://www.rrrhouse.com/,,,5,6,Custom home builder,New Pool Construction,https://www.google.com/maps/search/?api=1&query=Triple%20R%20Custom%20Homes&query_place_id=ChIJV4RhUTS2CKIRAkFUVdC7Eh8
Image Homes Ltd,(210) 699-1773,https://image-homes-ltd.com/,,"16002 Via Shavano STE 101, San Antonio, TX 78249",4.3,6,Custom home builder,New Pool Construction,https://www.google.com/maps/search/?api=1&query=Image%20Homes%20Ltd&query_place_id=ChIJRzL4ZU1hXIYRWTG92Zu_obE
Luxury Outdoor TX,(210) 440-5534,https://www.luxuryoutdoortx.com/,,,4.3,6,Landscape designer,New Pool Construction,https://www.google.com/maps/search/?api=1&query=Luxury%20Outdoor%20TX&query_place_id=ChIJ6ZYANoH1xmYRW5clg-HY31k
San Antonio Luxury Realty,(210) 538-5064,https://www.luxuryrealtysanantonio.com/,,"18402 U.S. Hwy 281 N ste #109, San Antonio, TX 78259",5,6,Property management company,New Pool Construction,https://www.google.com/maps/search/?api=1&query=San%20Antonio%20Luxury%20Realty&query_place_id=ChIJH9JFSl2LXIYR3mi6jTywVwk
SAK Construction,(916) 408-5038,https://www.sakcon.com/contact,,"4253 Duluth Ave, Rocklin, CA 95765",4.5,4,Construction company,New Pool Construction,https://www.google.com/maps/search/?api=1&query=SAK%20Construction&query_place_id=ChIJtwRZO8gjm4ARToPM7D5nFW0
Steve's Handyman Service,(415) 971-2999,http://steveshandymanservice.org/,,,4,4,Handyman/Handywoman/Handyperson,New Pool Construction,https://www.google.com/maps/search/?api=1&query=Steve's%20Handyman%20Service&query_place_id=ChIJ8Yh6a9hgL2YRQThgnZDnjcA
Parkhill,(915) 533-6811,https://parkhill.com/?utm_source=google&utm_medium=gbp,,"501 W San Antonio Ave, El Paso, TX 79901",4.8,4,Engineer,New Pool Construction,https://www.google.com/maps/search/?api=1&query=Parkhill&query_place_id=ChIJD2BXcABZ54YRSI7x-RQee_s
SA Luxury Realty,(210) 772-7777,http://www.saluxuryrealty.com/,,"10 Dominion Dr, San Antonio, TX 78257",5,4,Real estate agency,New Pool Construction,https://www.google.com/maps/search/?api=1&query=SA%20Luxury%20Realty&query_place_id=ChIJPw0-NABlXIYRWvRkr9WeqdI
Canyon Homes of TX,(512) 905-9431,http://canyonhomesoftx.com/,,,3.7,3,Custom home builder,New Pool Construction,https://www.google.com/maps/search/?api=1&query=Canyon%20Homes%20of%20TX&query_place_id=ChIJYZYoq5TQXUkRLq35_4Lct-E
Matt W. Stevens Landscape Architect LLC,(210) 887-3694,http://mwsla.com/,,"8531 N New Braunfels Ave #205, San Antonio, TX 78217",5,3,Landscape architect,New Pool Construction,https://www.google.com/maps/search/?api=1&query=Matt%20W.%20Stevens%20Landscape%20Architect%20LLC&query_place_id=ChIJrdBE4TT1XIYRifGH3gI5kpA
San Antonio Landscaping and Design,(210) 488-5321,https://www.salandscapes.com/,,"31811 Rustle Pkwy, Bulverde, TX 78163",5,3,Landscape designer,New Pool Construction,https://www.google.com/maps/search/?api=1&query=San%20Antonio%20Landscaping%20and%20Design&query_place_id=ChIJ-8JEdD-FXIYRscvKItAxMDI
Miguel Herrera Luxury Lifestyle-The Agency,(210) 563-3660,https://miguelherrera.com/?utm_source=gbp&utm_medium=organic,,"22211 I-10 Suite 1206, San Antonio, TX 78256",5,3,Real estate agency,New Pool Construction,https://www.google.com/maps/search/?api=1&query=Miguel%20Herrera%20Luxury%20Lifestyle-The%20Agency&query_place_id=ChIJf0ZmNABlXIYRkVwJhOCQ2EY
Luxury Properties by Sylvia,(210) 445-3603,,,,5,3,Real estate agency,New Pool Construction,https://www.google.com/maps/search/?api=1&query=Luxury%20Properties%20by%20Sylvia&query_place_id=ChIJ-ZJ-oS9pXIYRbf-i4PdEHpw
"Bridget Archer, Luxury Real Estate Agent",(210) 789-8150,http://bridgetarcher.sothebysrealty.com/,,"6606 N New Braunfels Ave, San Antonio, TX 78209",5,3,Real estate agent,New Pool Construction,https://www.google.com/maps/search/?api=1&query=Bridget%20Archer%2C%20Luxury%20Real%20Estate%20Agent&query_place_id=ChIJD-GGIlr1XIYR4OSHh3Ow0bI
Leca Construction,(650) 595-2106,http://lecaconstruction.com/,,"24 E 25th Ave, San Mateo, CA 94403",5,2,Construction company,New Pool Construction,https://www.google.com/maps/search/?api=1&query=Leca%20Construction&query_place_id=ChIJF561lw-ij4ARpzArqJz4hY0
Sierra Outdoor Living,(830) 833-3129,http://www.sierraoutdoorliving.com/,,"1500 4th St, Blanco, TX 78606",5,2,Landscape designer,New Pool Construction,https://www.google.com/maps/search/?api=1&query=Sierra%20Outdoor%20Living&query_place_id=ChIJH7XfEmtRbKgRfF4LR_Ny9hI
Outdoor Living Spaces,(210) 729-5885,http://outdoorlivingspaces.org/,,,5,2,Screen store,New Pool Construction,https://www.google.com/maps/search/?api=1&query=Outdoor%20Living%20Spaces&query_place_id=ChIJXWb7CWJfXIYRlZ0DIpfl-fI
Applewhite Meadows by First America Homes,(210) 972-1152,https://www.firstamericahomes.com/new-homes/tx/san-antonio/applewhite-meadows/?utm_source=google&utm_medium=gbp,,"10318 Gala Jct, San Antonio, TX 78224",5,2,Home builder,New Pool Construction,https://www.google.com/maps/search/?api=1&query=Applewhite%20Meadows%20by%20First%20America%20Homes&query_place_id=ChIJB20bjFhXXIYR6RenfCwFkFM
San Antonio Home Builder,(210) 379-2374,http://sanantoniohomebuilder.org/,,"2806 Barrel Oak St, San Antonio, TX 78231",5,1,Real estate consultant,New Pool Construction,https://www.google.com/maps/search/?api=1&query=San%20Antonio%20Home%20Builder&query_place_id=ChIJk7Q8wA9hXIYRoaUzWQhWrA8
Collier Custom Homes,(210) 560-2034,https://colliercustomhomes.com/,,"5152 Broadway Suite 201, San Antonio, TX 78209",5,1,Home builder,New Pool Construction,https://www.google.com/maps/search/?api=1&query=Collier%20Custom%20Homes&query_place_id=ChIJcUowvCH1XIYRu0iGqsN5RNs
KW Landscape Architects: San Antonio,(210) 349-3500,https://www.kwtexas.com/,,"4039 Broadway, San Antonio, TX 78209",5,1,Landscape architect,New Pool Construction,https://www.google.com/maps/search/?api=1&query=KW%20Landscape%20Architects%3A%20San%20Antonio&query_place_id=ChIJj79Y63uKXIYRYBnEY91zuqM
Chair-ish-outdoor,(208) 305-2376,https://chair-ish-outdoor.com/?utm_source=google&utm_medium=organic&utm_campaign=gbp,,"414 W Nakoma St, San Antonio, TX 78216",5,1,Outdoor furniture store,New Pool Construction,https://www.google.com/maps/search/?api=1&query=Chair-ish-outdoor&query_place_id=ChIJ34dLS3eNXIYReN7LewKMmJI
Outdoor furniture store,(726) 259-4268,,,"601 SW Military Dr, San Antonio, TX 78211",,,Furnace store,New Pool Construction,https://www.google.com/maps/search/?api=1&query=Outdoor%20furniture%20store&query_place_id=ChIJ893WcSZZXIYR6kwrl9TRxCY
Affordable Outdoor Structures,(210) 542-4569,https://affordableoutdoorstructures.com/,,,,,Fence contractor,New Pool Construction,https://www.google.com/maps/search/?api=1&query=Affordable%20Outdoor%20Structures&query_place_id=ChIJc_X5oRizTSkRVE7G8oMcxYw
San Antonio TX Homes for Sale,(210) 347-3426,,,"923 N Loop 1604 E #101, San Antonio, TX 78232",,,Real estate agency,New Pool Construction,https://www.google.com/maps/search/?api=1&query=San%20Antonio%20TX%20Homes%20for%20Sale&query_place_id=ChIJzao6TP-JXIYRVpphAlL7dlA
